bus_name,bus_rating,loc_latitude,loc_longitude
Five Guys Burgers and Fries,4,35.3380700000000019,-80.7573969999999974
Wolfman Pizza,4,35.1950799999999973,-80.825792000000007
The Melting Pot,4.5,35.4412525999999986,-80.8672260000000023
Smashburger,3.5,35.1780359999999988,-80.8012300000000039
Ilios Noche,4,35.1169019184000035,-80.8563333246000013
Jersey Mike's Subs,4,35.1718773999999996,-80.6599595999999934
Starbucks,3.5,35.2221079999999986,-80.8453290000000067
Arby's,3.5,35.0510683999999983,-80.7726411999999954
Ben & Jerry's,4,35.2574569000000011,-81.1114172000000053
American Deli,3.5,35.2601030000000009,-80.7738315
China Cafe,4,35.1223299999999981,-80.6531899999999951
Ben & Jerry's,4,35.4981372000000022,-80.8493038999999953
Cast Iron Waffles,4.5,35.0822000000000003,-80.8772242000000006
Poppyseeds Bagels,3.5,35.0471311037999982,-80.642797644500007
YAFO Kitchen,4.5,35.2032057999999992,-80.8457729999999941
Hickory Tavern,3.5,35.091346999999999,-80.845918999999995
Papa Murphy's,5,35.4761287999999979,-80.8899691999999959
Donatos Pizza,4,35.1541493000000003,-80.8285663000000056
K & W Cafeteria,4,35.4482420000000005,-80.5987829999999974
Starbucks,3.5,35.2021689999999978,-80.8245940000000047
Jimmy John's,3.5,35.2043755999999988,-80.8641130999999973
Sake Express,3.5,35.2620301688999973,-81.1570349999999934
Crisp,3.5,35.2125020000000006,-80.8178079999999994
El Valle Mexican Restaurant,3.5,35.3029420000000016,-81.0289520000000039
Five Guys,4.5,35.2620989999999992,-81.1402819999999991
Subway Restaurants,3.5,35.0060493000000008,-80.5625749999999954
Cast Iron Waffles,3.5,35.1527918000000028,-80.8402724999999975
Starbucks,4,35.0218559999999997,-80.5790519714000055
Jersey Mike's Subs,3.5,35.1272349999999989,-80.7003509999999977
Shake Shack,3.5,35.1727511337999985,-80.8493591610999971
Cantina 1511,3.5,35.1735800000000012,-80.8499979999999994
Honey Baked Ham Company,4,35.2968436000000025,-80.7588858999999957
Viva Chicken,4.5,35.1699085999999994,-80.8511320000000069
Taxco Mexican Grill,3.5,35.4437228999999974,-80.8645501999999965
Jersey Mike's Subs,3.5,35.4199164999999994,-80.6765869000000038
Sub Station II,4.5,35.262757999999998,-81.1695780000000013
Food Lion,4,35.344473899999997,-80.8867216999999954
Arby's,3.5,35.2125972999999988,-80.8336051999999938
Just Fresh,4,35.1322011999999972,-80.8396817999999939
Domino's,3.5,35.4046465999999995,-80.6870528000000036
Chicken Box Cafe,4,35.2544169000000025,-80.8008800000000065
Chatpatay,4.5,35.3121681000000009,-80.7450974000000059
Jet's Pizza,3.5,35.0898460000000014,-80.8671870000000013
Zoes Kitchen,3.5,35.1281681000000034,-80.7010482000000025
Pho Plus,4,35.2561846999999986,-80.7911787000000032
Chopt Creative Salad Co.,4,35.1753250000000008,-80.8497619999999984
Ben & Jerry's,4,35.1718729999999979,-80.849031999999994
Marco's Pizza,3.5,35.2257400000000018,-81.1336239999999975
Five Guys,3.5,35.0193465999999987,-80.5781999999999954
Groucho's Deli,3.5,35.1611333999999971,-80.8492822999999987
Duck Donuts,4,35.4091354999999979,-80.8614325000000065
Firebirds Wood Fired Grill,4,35.1559943107000024,-80.8239325442000052
Firebirds Wood Fired Grill,4,35.0620546999999974,-80.8157460000000043
Crisp,3.5,35.20017,-80.8438009999999991
Honey Baked Ham Company,3.5,35.1781843503000005,-80.8786010742000059
Shake Shake Seafood,4,35.0198149249999986,-80.5780028212000019
Crunch Bistro,4,35.2302490000000006,-80.8390380000000022
Toppers Pizza,3.5,35.1685516000000007,-80.8749437999999969
CAVA,4.5,35.3099660000000029,-80.7478569999999962
Waffle House,3.5,35.087963000000002,-80.8584879999999941
Sake Express,3.5,35.299672600000001,-81.0222705999999988
Firehouse Subs,3.5,35.0293240000000026,-80.8501530000000059
Azteca Mexican Restaurant,3.5,35.1345297000000016,-80.7123890999999958
La Frontera,4,35.0702262000000005,-80.6992855999999961
Sunflour Baking Company,4,35.210942799999998,-80.8571737000000041
Salsarita's Fresh Mexican Grill,3.5,35.3176964000000027,-80.7720982000000021
Char Bar No 7,3.5,35.0914945000000031,-80.8458227999999934
Rhino Market & Deli,4.5,35.2255299999999991,-80.8477759999999961
China Cafe,3.5,35.2322636000000031,-81.1675409000000059
Undercurrent Coffee,4.5,35.2342877943999966,-80.827484565000006
Bonefish Grill,4,35.130294281300003,-80.7118407022000071
Firenza Pizza,3.5,35.3490261000000032,-80.8576276999999948
Food Lion,3.5,35.3703390000000013,-80.5474799999999931
Caribou Coffee,4,35.1731718999999998,-80.8477862999999957
Harper's Restaurant,3.5,35.0814976999999999,-80.8772266999999943
Bonefish Grill,3.5,35.0887480000000025,-80.8451740999999942
Azteca Mexican Restaurant,4,35.1782468999999978,-80.8826370999999966
Hwy 55 Burgers Shakes & Fries,3.5,35.1401106945000024,-80.6247519931999932
Chick-fil-A,4,35.0161901999999969,-80.5712970000000013
Cuzzo's Cuisine,4,35.2452200000000033,-80.884215999999995
Pure Pizza,4,35.2275824426999975,-80.8379116705999934
Jersey Mike's Subs,5,35.0235938126999997,-80.7608792558000061
El Valle Mexican Restaurant,3.5,35.1173697999999987,-80.7255339999999961
The Sandwich Club,4,35.2310911000000004,-80.8381684999999948
Sub Station II,3.5,35.1357193999999993,-80.8787439000000035
Waffle House,3.5,35.3677695000000014,-80.6663599000000033
Starbucks,4.5,35.4824965000000034,-80.8785306000000048
Jin Jin,4,35.535299000000002,-80.7995197999999988
Eddie's Place,3.5,35.0681295999999989,-80.8417919999999981
Which Wich,4,35.4448811000000035,-80.8769960000000054
Toyama Express,3.5,35.3380319999999983,-80.757432399999999
CO,3.5,35.0510189999999966,-80.767035000000007
Jersey Mike's Subs,3.5,35.0476334000000023,-80.6489494000000064
Hubee D's,3.5,35.1028674000000009,-80.9848618999999985
Five Guys,4,35.0830199999999977,-80.728738000000007
Reid's Fine Food,4,35.1745343999999989,-80.8482079999999996
The Common Market,4.5,35.2157049999999998,-80.8566670000000016
Living Kitchen,4.5,35.2090265770999977,-80.8611555104999979
Taco Bell,3.5,35.4836069999999992,-80.8774650000000008
The Melting Pot,4.5,35.2070881,-80.8351947000000024
MOD Pizza,4.5,35.0479307676000005,-80.647176978600001
Just Fresh,3.5,35.2254700000000014,-80.848544000000004
The Roasting Company,3.5,35.2201080999999974,-80.8156756000000058
Firehouse Subs,3.5,35.3692729999999997,-80.7232900000000058
Starbucks,4,35.2057679999999991,-80.8387210000000067
Jet's Pizza,4,35.1199305100999979,-80.7199162244999968
CAVA,4,35.1737460000000013,-80.8500410000000045
Sunrise Restaurant,4,35.2025026000000025,-80.7357765000000001
Waffle House,4.5,35.3157235999999983,-81.1934143000000006
Sunflour Baking Company,4,35.0559627617000018,-80.8539988473000051
Persis Biryani Indian Grill,3.5,35.0561027526999993,-80.8541183472
Chex Grill & Wings,4.5,35.3350160000000031,-80.8129933999999963
Tacos El Nevado,4,35.1773859999999985,-80.8761680000000069
Chick-fil-A,3.5,35.310372000000001,-80.7522139999999951
Reid's Fine Food,4,35.2275289000000029,-80.8437839999999994
The Roasting Company,4,35.1708167999999972,-80.8498426000000023
Subway Restaurants,3.5,35.4193349999999967,-80.7431260000000037
Caribou Coffee,4,35.1412594999999968,-80.7340980999999971
Queen City Q,3.5,35.0828507000000016,-80.7328322000000043
El Vallarta,3.5,34.9336747999999986,-80.7501088000000067
Chick-fil-A,3.5,35.3113542999999979,-80.7725499000000013
Papa Murphy's,4,35.0836139999999972,-80.7331199999999995
Sake Express,3.5,35.254232100000003,-81.0277774999999991
Cinnaholic,4.5,35.0508275628999968,-80.646177940100003
Firehouse Subs,3.5,35.1758540514000018,-80.8777684296999979
Showmars,3.5,35.2368511000000026,-80.8826155
Tijuana Flats,4,35.3090905000000035,-80.7477274999999963
Jersey Mike's Subs,3.5,35.0610470000000021,-80.8176469999999938
Cluck 'N Cup,4,35.2066099999999977,-80.8601359999999971
Caribou Coffee,3.5,35.2253940000000014,-80.8439500000000066
Chicken Salad Chick,3.5,35.3270849999999967,-80.9422581000000037
Subway Restaurants,3.5,35.2656631999999988,-80.8820967999999993
Bella Fresco,3.5,35.0952380000000019,-80.7790820000000025
Culver's,4,35.2905330000000035,-80.7647319999999951
2 Gals Kitchen,4.5,35.4089100659000025,-80.5795615911000027
Chick-fil-A,3.5,35.1771701999999991,-80.7990350000000035
Chicken King,3.5,35.2984615000000019,-81.0174482999999981
La Unica,3.5,35.4296318000000028,-80.6078171000000054
Caribbean Hut,4,35.2617473963000023,-81.1247755586999943
Starbucks,3.5,35.2013768999999996,-80.8433794000000034
Crafty Burg'r,4,35.4474418913999969,-80.891303680799993
Carolina Beer Temple,4.5,35.1167889999999971,-80.7193170000000038
Bruegger's Bagels,3.5,35.2253171999999992,-80.8424883999999935
Starbucks,4.5,35.1814630000000008,-80.9156760000000048
Pure Pizza,4,35.2201453759000032,-80.8072895722000055
Starbucks,3.5,35.2248749999999973,-80.8485479999999939
Firehouse Subs,3.5,35.3488552999999968,-80.8553792999999956
Toyama Express,4,35.1176111878000015,-80.7193909450000007
Starbucks,4,35.3715680000000035,-80.7849180000000047
Zoes Kitchen,3.5,35.4456425999999993,-80.877973499999996
Las Meras Tortas,4.5,35.4159548000000015,-80.8572889000000004
China Buffet,3.5,35.3061730000000011,-80.752672000000004
QDOBA Mexican Eats,3.5,35.2636773998999971,-81.135012880000005
Papa Murphy's,4,35.0303096999999966,-80.8535521000000017
Firehouse Subs,3.5,35.3402525999999995,-80.7649578999999989
Dairy Queen,3.5,35.2244478000000001,-80.8871809999999982
Jason's Deli,4,35.1718729999999979,-80.849031999999994
Viva Chicken,4.5,35.2134205994000027,-80.826022401000003
Bad Daddy's Burger Bar,4,35.1989724000000024,-80.8408711000000011
Tryon House Restaurant,3.5,35.2587388000000033,-80.7776836000000031
Bisonte Pizza,4,35.2326000525999987,-80.8490900694999937
Arby's,3.5,35.2451865999999967,-80.9364336000000009
Starbucks,4,35.1619944688000032,-80.9708210062999996
KFC,3.5,35.4002690000000015,-80.6090360000000032
Living Kitchen,4,35.1505395000000007,-80.8286961000000019
Chicken King,5,35.2560081999999966,-80.8745535999999987
Plato Pronto,4.5,35.281235995400003,-80.8987266942999952
Potbelly Sandwich Shop,3.5,35.0604089999999999,-80.8381580000000071
Five Guys,4.5,35.3101270000000014,-80.7467160000000064
Salsarita's Fresh Mexican Grill,3.5,35.1168419237000009,-80.8565615430999998
Shane's Rib Shack,4,35.1671429761999974,-80.9731784482000023
Blynk Organic,4,35.2262460000000033,-80.844491000000005
Hungry Howie's Pizza,3.5,35.1361786000000009,-80.9369736000000017
Blaze Fast-Fire'd Pizza,4,35.3105029999999971,-80.747004000000004
Freddy's Frozen Custard & Steakburgers,4,35.4339043000000018,-80.6041349999999994
Chick-fil-A,3.5,35.3222590000000025,-80.6450520000000068
Pizza and Beyond,4.5,35.2556512000000026,-80.4597404999999952
Asian Garden,3.5,35.4435623999999976,-80.6234773999999987
Poppyseeds Bagels,4,35.0681492575999982,-80.6997860000000031
Chick-fil-A,4,35.2557550000000006,-81.0274600000000049
Cafeccino,4,35.2275436331999998,-80.8563065528999942
Chick-fil-A,4,35.4449522999999971,-80.8667070999999993
Cook Out,3.5,35.2368507385000029,-80.7379760742000059
B.GOOD,3.5,35.0585480000000018,-80.8139883999999995
Food Lion,3.5,35.2106015999999968,-80.7803277999999949
Papa Murphy's,4,35.3731343042000006,-80.7883273064999941
Mi Pueblo Mexican Grill,3.5,35.2915449999999993,-80.7651220000000052
Jersey Mike's Subs,5,35.1933798000000024,-80.7806379999999962
The Olde Mecklenburg Brewery,4,35.1874419999999972,-80.8819730000000021
Big Al's Pub & Grubberia,3.5,35.2106806000000034,-80.6861413999999968
Cast Iron Waffles,4,35.0261648999999977,-80.840650299999993
Nana's Soul Food Kitchen,4,35.190176000000001,-80.9219401999999945
Sunflour Baking Company,4,35.2124000000000024,-80.8171119999999945
Sub Station II,3.5,35.1148485000000008,-80.6947142000000071
Hungry Howie's Pizza,4.5,35.4703080000000028,-80.6114120000000014
Papa Murphy's,4,35.4060151999999988,-80.8650935999999945
The Olde Mecklenburg Brewery,4,35.1854980000000026,-80.8809779999999989
City Barbeque,4.5,35.4050213000000014,-80.8676583000000022
Ben & Jerry's,4,35.147357999999997,-80.8095679999999987
The Burrito Factory,4,35.3166275876000029,-80.7400268444000062
East Coast Wings & Grill,3.5,35.4435020000000023,-80.9971529999999973
Chick-fil-A,3.5,35.1323459999999983,-80.7120759999999962
Chick-fil-A,4,35.2110798000000003,-80.690954000000005
Harper's Restaurant,3.5,35.1480954999999966,-80.8318536000000023
Starbucks,3.5,35.313481000000003,-80.743116999999998
Don Pedro Mexican Restaurant,4,35.1878189999999975,-80.7573830000000044
Lempira Restaurant,3.5,35.1548069999999981,-80.8765604999999965
Chicken King,4,35.2109176000000019,-80.906450300000003
Chick-fil-A,3.5,35.3910759999999982,-80.6248863
Fit Fresh Kitchen,4,35.0562588000000019,-80.8540820999999994
Tropical Smoothie Cafe,4.5,35.310464445800001,-80.7469156870999996
Fresh Chef Kitchen,4.5,35.1706231000000002,-80.8065902999999963
Pita Pit,3.5,35.4814588596999982,-80.8554607696000005
La Unica,4.5,35.4438790000000026,-80.8724468999999999
Chick-fil-A,4,35.1716440000000006,-80.8499070000000017
Fit Fresh Kitchen,4.5,35.2554376000000005,-80.4527592999999968
Waterbean Coffee,4,35.4430341999999996,-80.8638537000000071
The Burrito Factory,4,35.1538520000000005,-80.876570000000001
Starbucks,3.5,35.212487000000003,-80.8179329999999965
Famous Toastery,4,35.3749850000000023,-80.7290370000000053
Which Wich,4,35.0991250000000008,-80.9888559999999984
Los Paisas,4,35.1685609000000028,-80.8749310000000037
Chick-fil-A,3.5,35.3497316999999995,-80.8564731000000023
Metro Diner,4.5,35.4075259999999972,-80.8631660000000068
Eddie's Place,4,35.1717634999999973,-80.806208600000005
Dino's Family Restaurant,4,35.2546859999999995,-80.7935149999999993
Pollo Campero,4,35.1519364999999979,-80.8768230999999957
China Buffet,3.5,35.197254700000002,-80.7693723000000006
Domino's,3.5,35.1604116000000033,-80.799920599999993
Waterbean Coffee,4.5,35.4765172000000035,-80.8922972000000016
Toppers Pizza,4,35.3057726999999986,-80.7233906999999959
Midwood Smokehouse,4,35.0701299999999989,-80.8435307999999964
Subway Restaurants,3.5,35.0891974000000033,-80.8605246000000051
Hazelnuts Creperie,4.5,35.0346832000000035,-80.8068499000000031
Little Caesars Pizza,3.5,35.1514326631999978,-80.875437934100006
McAlister's Deli,4,35.1616509999999991,-80.9718220000000031
Five Guys Burgers and Fries,4,35.0558229000000026,-80.8536519999999967
Jimmy John's,3.5,35.4803327999999993,-80.886874700000007
Tropical Smoothie Cafe,3.5,35.0864730023999982,-80.8471449999999976
Famous Toastery,4,35.1382795999999971,-80.9331722999999954
El Vallarta,3.5,35.4403390000000016,-80.6035239999999931
Cluck N Cup,3.5,35.3498250000000027,-80.8420188999999993
Shake Shack,3.5,35.0342936999999992,-80.8063307000000037
LongHorn Steakhouse,4,35.4468189999999979,-80.5991685000000047
Fortune Cookie,4,35.2575462000000002,-80.735118700000001
Metro Diner,4.5,35.0883799488999983,-80.8605643597999943
Culver's,4,35.0467999999999975,-80.6436999999999955
Matt's Chicago Dog,4,35.2240131000000005,-80.8464728000000008
Tijuana Flats,4,35.0557994999999991,-80.8536497000000054
Bojangles' Famous Chicken 'n Biscuits,3.5,35.2183800000000033,-80.9454292830999975
Mr Tokyo Japanese Restaurant,3.5,35.0080450000000027,-80.561858799999996
Bad Daddy's Burger Bar,4,35.0527702324000003,-80.8474124496000002
Bojangles' Famous Chicken 'n Biscuits,4,35.2476436999999976,-80.8180023000000034
131 MAIN Restaurant,4,35.0341450000000023,-80.8089769999999987
La Autentica,4,35.0279543999999987,-80.8509686999999957
Da Vinci's Pizza,4,35.3346883999999974,-80.8135014000000069
The Pizza Peel,4,35.1766688000000016,-80.7978683000000046
Crafty Burg'r,3.5,35.4475669857,-80.9939551725999962
Chick-fil-A,3.5,35.0004130000000018,-80.6950530000000015
Uncle Maddio's Pizza Joint,3.5,35.2260368410000027,-80.843132512400004
Food Lion,3.5,35.1377801000000005,-80.7397124000000019
Dilworth Coffee,4,35.2031402,-80.8450181999999984
Starbucks,3.5,35.2248872999999989,-80.8433370000000053
Bobbee O's BBQ,3.5,35.349704899999999,-80.8420243000000056
Dairy Queen,3.5,35.3689924999999974,-80.7222306999999972
Five Guys,4,35.2065853000000004,-80.8609495999999979
Starbucks,4,35.103145452699998,-80.9862909314000063
Starbucks,3.5,35.3524799999999999,-80.8506260000000054
Chopt Creative Salad Co.,3.5,35.0351417158999965,-80.8077110078999965
Hardee's,3.5,35.2383425000000017,-81.1948584000000011
Rhino Market & Deli,4.5,35.2406984855999994,-80.8132621273000069
Pizza and Beyond,4,35.2470789999999994,-80.5771359999999959
Bisonte Pizza,3.5,35.0687554400999986,-80.7011622189999969
Dino's Family Restaurant,3.5,35.4181532656999991,-80.677413940400001
Chick-fil-A,4,35.2264278999999974,-80.8432784000000026
Crunch Bistro,4.5,35.0787683634000018,-80.8173394203000015
Starbucks,3.5,35.0586929999999981,-80.8132530000000031
Cantina 1511,3.5,35.0622558000000026,-80.8154480999999976
Pho Plus,3.5,35.2258250000000004,-80.8464950000000044
Uncle Maddio's Pizza Joint,4,35.4431372000000025,-80.8596397000000024
Waffle House,4,35.1713898,-80.9621956000000011
Taqueria La Unica,3.5,35.1434463358000002,-80.8761084017999963
Sushi Star,3.5,35.4086819999999989,-80.863047899999998
Cast Iron Waffles,3.5,35.1522668638000013,-80.8402774677000053
US Fried Chicken,3.5,35.2457970000000032,-80.8984569999999934
Mr Tokyo Japanese Restaurant,4,35.0884323423999973,-80.8599348945000003
Chick-fil-A,4,35.2049756999999985,-80.8385458000000057
Jet's Pizza,3.5,35.1709760000000031,-80.8493255000000062
Midwood Smokehouse,4,35.1748509000000027,-80.8473180000000013
131 MAIN Restaurant,4,35.4577917000000014,-80.8680906000000022
Hazelnuts Creperie,4.5,35.2261961087000017,-80.8448701835000065
Portofino's,3.5,35.0959649999999996,-80.7801780000000065
Caribou Coffee,3.5,35.1998166999999995,-80.8411983000000021
Little Big Burger,3.5,35.4761287999999979,-80.8899691999999959
Subway Restaurants,3.5,35.1903446000000031,-80.9285811999999964
Marco's Pizza,3.5,35.2899191309000031,-81.0174095296000019
Chicken King,4,35.1205039000000028,-80.9490780000000001
Inizio Pizza Napoletana,4.5,35.1990691999999967,-80.8525254000000047
Brooklyn's Pizzeria,3.5,35.3706450999999973,-80.5481190999999939
East Coast Wings & Grill,3.5,35.3159787685000026,-80.6739369791999934
Shane's Rib Shack,3.5,35.4158453000000009,-80.6767418000000021
Cast Iron Waffles,4,35.4427206000000012,-80.8857950999999957
Quiznos,4,35.0386030000000019,-80.794067499999997
Caribou Coffee,3.5,35.1246343999999979,-80.7082398999999953
Dilworth Coffee,4,35.3721590000000035,-80.7824849999999941
Grandma's Country Kitchen,3.5,35.3733007000000015,-80.6087323999999938
Bistro La Bon,4,35.2205897999999991,-80.8157716999999991
Arby's,4,35.0038494,-80.5561929999999933
Chick-fil-A,3.5,35.4197729999999993,-80.675159199999996
Zoes Kitchen,3.5,35.3363145137000032,-80.7555362945000041
Great Harvest Bread,4,35.0785379000000006,-80.8183578000000011
Ruth's Chris Steak House,4,35.2261809999999969,-80.8451740999999942
Chick-fil-A,3.5,35.0524851366999997,-80.7687394093999984
Chicken King,5,35.2411389709000034,-80.8582929531000048
OneWay Smokehouse & Grill,4,35.2195330999999996,-80.8355365000000035
Quiznos,4,35.2190493000000018,-80.8351693999999981
B.GOOD,3.5,35.0540769999999995,-80.8515359999999959
Duckworth's Grill & Taphouse,4,35.0560059000000024,-80.8528368999999998
Texas Roadhouse,3.5,35.3689559999999972,-80.7118729999999971
Viva Chicken,4.5,35.3752253999999979,-80.7299224000000066
Starbucks,3.5,35.4431999999999974,-80.861725000000007
Chick-fil-A,4,35.0597379000000018,-80.813486999999995
Long Creek Fish Fry,4,35.3044133000000002,-81.1581376000000034
Cluck N Cup,3.5,35.2194519000000028,-80.8356950000000012
Plato Pronto,3.5,35.4322252999999989,-80.6060078999999945
Papa Murphy's,4,35.035595200000003,-80.8044730999999956
The Smoke Pit,4.5,35.2647296908999976,-81.1362822354000031
La Autentica,3.5,35.2216678545999997,-80.8191813524999958
Bojangles' Famous Chicken 'n Biscuits,3.5,35.224533000000001,-80.841029000000006
Jersey Mike's Subs,3.5,35.2595968999999982,-81.1127862000000022
Greco Fresh Grille,4.5,35.0830328999999992,-80.7287610000000058
Pita Pit,4,35.2274870000000035,-80.8402449999999959
Subway Restaurants,3.5,35.2752593000000019,-81.1345170000000024
Five Guys,4,35.0346644999999981,-80.8057249999999954
Papa's Pizza To Go,4,35.0234263999999982,-80.7608761000000044
Just Fresh,3.5,35.1035571000000033,-80.9854864999999933
Jersey Mike's Subs,4,35.2268626700000027,-80.8438490700000045
Greco Fresh Grille,4.5,35.0346741999999978,-80.8057249999999954
Jet's Pizza,3.5,35.341075873900003,-80.764624734700007
Fortune Cookie,4,35.2159750000000003,-80.8284280000000024
McAlister's Deli,3.5,35.1292150000000021,-80.7030589999999961
Little Caesars Pizza,3.5,35.4105899999999991,-80.8533649999999966
McAlister's Deli,3.5,35.2637849999999986,-81.1340299999999957
Food Lion,4.5,35.4108030000000014,-80.6669377000000054
Rhino Market & Deli,4.5,35.2297195888999966,-80.865914178500006
K & W Cafeteria,3.5,35.1612012000000007,-80.739032899999998
Hickory Tavern,3.5,35.2128289999999993,-80.8358970000000028
Wolfman Pizza,4,35.066082349600002,-80.7726104850000013
Nana's Soul Food Kitchen,3.5,35.0709261000000012,-80.6848317999999978
Showmars - Charlotte,4,35.0665205999999969,-80.7710806999999988
Jimmy John's,3.5,35.3731460999999996,-80.722243000000006
Jimmy John's,3.5,35.4427335000000028,-80.8857543000000021
Asian Garden,4,35.2490132160000016,-81.0806029917000046
McAlister's Deli,3.5,35.0398351999999988,-80.8466382999999951
City Barbeque,4,35.3103809999999996,-80.7467769999999945
Don Pedro Mexican Restaurant,3.5,35.1358576315999969,-80.9373579922999937
Picasso's Sports Cafe,4,35.3037392000000025,-80.7493302999999969
Subway Restaurants,4.5,34.9386812999999989,-80.7508014999999943
Firenza Pizza,3.5,35.2907049000000015,-80.7655239999999992
Persis Biryani Indian Grill,4,35.3424757000000014,-80.7706758000000065
Cracker Barrel Old Country Store,3.5,35.2397877000000008,-80.9181382000000013
Teriyaki Madness,3.5,35.2123518000000004,-80.8358724999999936
Famous Toastery,4,35.4992007000000029,-80.8487850000000066
Food Lion,5,35.3524665999999996,-81.089620999999994
Shake Shake Seafood,4,35.0867843999999991,-80.881059300000004
Pinky's Westside Grill,4,35.4058290892999992,-80.8654024254999939
Starbucks,4,35.1530699999999996,-80.8253550000000018
Los Paisas,4.5,35.0901589999999999,-80.8588110000000029
Grandma's Country Kitchen,4.5,35.2784410000000008,-80.7665819999999997
Da Vinci's Pizza,4,35.2965774536000012,-80.7570037841999948
Jersey Mike's Subs,3.5,35.0822330000000022,-80.7324449999999985
Sushi Star,3.5,35.1355696999999978,-80.7381148999999994
Marco's Pizza,3.5,35.3838420000000013,-80.7861400000000032
Chicken Salad Chick,4,35.0864979999999989,-80.8482168999999971
Taqueria La Unica,4.5,35.0678367000000009,-80.6775554000000028
Papa's Pizza To Go,4.5,35.3155715999999984,-81.1756405999999942
Uncle Maddio's Pizza Joint,3.5,35.2118790000000033,-80.8338107000000008
Chicken King,4,35.2239833000000004,-80.7259243000000026
Food Lion,3.5,35.1995933999999977,-80.8532588000000061
Mr Tokyo Japanese Restaurant,4,35.1267159970999998,-80.7081497087999935
Cook Out,3.5,35.367564299999998,-80.7111718000000025
Lennys Subs,3.5,35.1466220184000022,-80.926906797800001
Honey Baked Ham Company,3.5,35.0861689999999982,-80.8498739999999998
Steak 'n Hoagie Shop,3.5,35.1952515999999989,-80.7655105999999989
Tijuana Flats,4,35.3749899000000028,-80.7288042999999931
OneWay Smokehouse & Grill,4,35.263083199999997,-80.855599600000005
Viva Chicken,4,35.0510719999999978,-80.6460016000000053
Five Guys,3.5,35.1045640000000034,-80.9886400000000037
Pasta & Provisions,4.5,35.1864682000000002,-80.8220131000000066
Jet's Pizza,3.5,35.4080427765999985,-80.8630929055999985
Hungry Howie's Pizza,3.5,35.0880379999999974,-80.860588000000007
Salsarita's Fresh Mexican Grill,3.5,35.2264848000000015,-80.8427063999999973
El Vallarta,4,35.084896999999998,-80.8876850000000047
Portofino's,4,35.1605567000000008,-80.8501038999999935
Just Fresh,4.5,35.2283620999999982,-80.842778899999999
Cracker Barrel Old Country Store,3.5,35.3659835999999999,-80.7128222999999991
Firehouse Subs,3.5,35.1051877363999978,-80.9871398200999977
Fresh Chef Kitchen,4.5,35.4848300000000023,-80.8781266000000016
Which Wich,3.5,35.1209720000000019,-80.7208270999999939
Chick-fil-A,3.5,35.0988589999999974,-80.7813029
MOD Pizza,4,35.1258243999999991,-80.7074147999999951
La Unica,4,35.327060000000003,-80.6480729999999966
Caribou Coffee,4,35.1469610999999986,-80.8090997000000044
Fresh Off The Grill,4,35.4112110000000015,-80.6675240000000002
Brixx Wood Fired Pizza,3.5,35.0345615136999982,-80.8058675581000045
Pasta & Provisions,4.5,35.1669821999999996,-80.8508652999999953
Food Lion,3.5,35.0825770000000006,-80.8857430000000051
Chicken King,4,35.295995099999999,-80.7976771000000014
La Frontera,4,35.1280789999999996,-80.9385379999999941
Jimmy John's,4,35.2619304999999983,-81.1422507999999993
Starbucks,3.5,35.2204057900000009,-80.9446596100000022
Waffle House,3.5,35.2399144995000029,-80.9201385925999972
Fresh Off The Grill,3.5,35.4185518624000011,-80.7452138916000024
Starbucks,4.5,35.3124139999999969,-80.7727419999999938
Mr Tokyo Japanese Restaurant,4,35.3733629999999977,-80.7882950000000051
Tryon House Restaurant,4,35.1797346999999974,-80.8806270999999981
Matt's Chicago Dog,4,35.4819013369000018,-80.8818800811999949
US Fried Chicken,3.5,35.300651000000002,-80.8022050000000007
Noodles & Company,4,35.2066889999999972,-80.8609239999999971
Chick-fil-A,4,35.3268580000000014,-80.9447591999999929
Jason's Deli,4,35.225275400000001,-80.8420267999999993
Bedder Bedder & Moore,4,35.1954269347000022,-80.8769528568000027
Steak 'n Hoagie Shop,4.5,35.0854467999999997,-80.6969670999999948
Famous Toastery,3.5,35.2526273000000003,-81.0454055999999952
Bistro La Bon,4.5,35.1762080000000026,-80.802544999999995
Tandur Indian Kitchen,4,35.052910599999997,-80.7740782000000053
Coaltrane's Char Grill,4.5,35.2201724999999968,-80.812624299999996
Nothing But Noodles,4,35.2137439999999984,-80.826252199999999
Jersey Mike's Subs,3.5,35.3464680000000016,-80.8525889999999947
Yoshi's Grill,3.5,35.4060418163999984,-80.8646890310999993
Chopt Creative Salad Co.,3.5,35.098066799999998,-80.7802264000000037
Domino's,4,35.3187898999999987,-81.1896488000000005
Shane's Rib Shack,4,35.2600588844000029,-81.1151456663999966
Dilworth Coffee,3.5,35.4582730999999995,-80.8678917999999953
Jersey Mike's Subs,4,35.1902479999999969,-80.9223199999999991
Subway Restaurants,5,35.3238619999999983,-80.6478007000000048
Caribbean Hut,4,35.1802279046999971,-80.884367514600001
Chicken King,4,35.2332277000000005,-80.8077150999999958
Lennys Subs,3.5,35.3349023987999971,-80.812967759299994
Starbucks,4.5,35.4773909999999972,-80.8940900000000056
Bedder Bedder & Moore,3.5,35.1954265999999976,-80.876952799999998
Food Lion,4,35.0681233000000034,-80.6762987000000038
Jimmy John's,4,35.3018420000000006,-80.749052000000006
Starbucks,3.5,35.2265140000000017,-80.843315000000004
Bad Daddys Burger Bar,3.5,35.3753645000000034,-80.7338692000000009
Queen City Q,3.5,35.0282288523000034,-80.8509961143000027
Showmars,3.5,35.4178730000000002,-80.6774779999999936
Crunch Bistro,4.5,35.1523850999999965,-80.832125199999993
Donatos Pizza,3.5,35.3425724000000017,-80.7708508000000052
Picasso's Sports Cafe,3.5,35.2270941000000022,-80.8462741000000022
Great Harvest Bread,4.5,35.2068450000000013,-80.8352419999999938
Moe's Southwest Grill,3.5,35.1381390000000025,-80.9353940000000023
Cafeccino,4,35.3404438999999968,-80.7653197000000063
Penn Station East Coast Subs,3.5,35.1611282000000003,-80.8493172999999956
Tony's Pizza,4,35.3177877999999978,-80.7725104999999957
Cinnaholic,4.5,35.2241464000000022,-81.0360369999999932
MOD Pizza,4,35.0398351999999988,-80.8466382999999951
Caribou Coffee,4.5,35.2277770000000032,-80.8428820999999971
YAFO Kitchen,4.5,35.2211163999999997,-80.8155026000000021
KFC,3.5,35.4827000000000012,-80.8787999999999982
Caribou Coffee,3.5,35.0878283999999994,-80.8454085000000049
Waffle House,3.5,35.2693129000000027,-81.1465589000000023
Arby's,3.5,35.1427693999999988,-80.7412609999999944
American Deli,4,35.2355099999999979,-80.7354559999999992
Luigi's Pizza,3.5,35.2090839999999972,-80.8579519999999974
The Common Market,4.5,35.2189339000000032,-80.8117172000000039
Little Big Burger,4,35.372695987500002,-80.7887308444999945
Subway Restaurants,3.5,35.443091299999999,-80.8601354000000043
Caribou Coffee,4,35.340020899999999,-80.7654857999999933
Yoshi's Grill,3.5,35.2271100000000033,-80.8435099999999949
Pinky's Westside Grill,4,35.2291284000000005,-80.8674637999999959
City Barbeque,3.5,35.1342254999999994,-80.7375303000000031
Tropical Smoothie Cafe,4,35.0620825694999994,-80.7731244466999954
Cook Out,4.5,35.186078000000002,-80.8858550000000065
Brixx Wood Fired Pizza,3.5,35.2273939999999968,-80.8390050000000002
Crispy Banh Mi,4.5,35.1680047999999985,-80.8765329000000008
Chicken Salad Chick,4,35.3753316948000034,-80.7337565472000023
Penn Station East Coast Subs,4.5,35.0540563878000029,-80.7730631999999957
Chick-fil-A,4,35.4382854999999992,-80.6058057000000048
Food Lion,4,35.1394828999999973,-80.6842644000000035
Showmars - Charlotte,3.5,35.1991854999999987,-80.8417144000000008
Papa Murphy's,4,35.2966598000000005,-80.7377829999999932
Mi Pueblo Mexican Grill,3.5,35.1399510999999976,-80.735256899999996
China Garden,3.5,35.2524514999999994,-80.6575322999999997
Starbucks,3.5,35.1770289999999974,-80.7999290000000059
McAlister's Deli,4,35.0822860000000034,-80.8773630000000026
Which Wich,3.5,35.0562931999999989,-80.8354001000000011
Morazan Restaurant,3.5,35.2135893618999987,-80.7712170649000001
Starbucks,3.5,35.3226659999999981,-80.9455559999999963
Five Guys,4,35.348120999999999,-80.8585060000000055
Sub Station II,4,35.2132244000000014,-80.8182756000000069
Starbucks,3.5,35.2336302427999968,-80.8505080000000049
Coaltrane's Char Grill,3.5,35.225379199999999,-80.8419643999999948
Steak 'n Hoagie Shop,4.5,35.1942153218000016,-80.8724895012999951
Zoes Kitchen,3.5,35.2134002000000024,-80.8351045056000004
McAlister's Deli,3.5,35.1160950000000014,-80.8242740000000026
Jimmy John's,4,35.3409414999999996,-80.769784400000006
Greco Fresh Grille,4.5,35.1051116000000007,-80.9872993999999977
El Valle Mexican Restaurant,3.5,35.1866502049999994,-80.6872467943999965
Jim 'N Nick's Bar-B-Q,4,35.1050414819000025,-80.9898836505000048
Hawthorne's NY Pizza & Bar,4,35.3721137904000003,-80.7829607676000023
Wayside Family Restaurant,3.5,35.4191007000000013,-80.5716416000000066
Chicken Salad Chick,3.5,35.2265793999999985,-80.8428142000000065
Pasta & Provisions,5,35.2175076999999987,-80.8640915000000007
Jason's Deli,3.5,35.4431597482999976,-80.8835960146000019
Tacos El Nevado,4,35.2126963999999987,-80.7635077999999993
Cluck 'N Cup,5,35.2181580000000025,-80.8567259999999948
Sub Station II,4,35.1801594000000009,-80.9291980999999936
Lempira Restaurant,4,35.2581580000000017,-80.7777908999999994
Food Lion,4.5,35.2814041999999972,-81.0476335000000034
Blynk Organic,3.5,35.2263267000000013,-80.8429359000000005
Hardee's,3.5,35.2541101999999995,-81.0435939000000047
Waterbean Coffee,4.5,35.2312743999999967,-80.8368490000000008
Cuzzo's Cuisine,4,35.2452198706000033,-80.8842159434999957
Freddy's Frozen Custard & Steakburgers,4,35.3743725775999991,-80.7249820400000004
Marco's Pizza,3.5,35.4111295000000013,-80.6640339000000068
Ben & Jerry's,4,35.4462538000000009,-80.879158799999999
Tropical Smoothie Cafe,3.5,35.2124400000000009,-80.8353929999999963
Laurel Market,4.5,35.2021771000000001,-80.8242192000000017
Waterbean Coffee,4.5,35.212542599999999,-80.8356906000000066
Tandur Indian Kitchen,3.5,35.1573996999999991,-80.8242228999999952
Tropical Smoothie Cafe,5,35.0097445103000027,-80.5638797209000046
131 MAIN Restaurant,4.5,35.1503039999999984,-80.8405704999999983
LongHorn Steakhouse,3.5,35.4414549999999977,-80.8661589999999961
Smashburger,3.5,35.0608312999999967,-80.8142912999999936
LongHorn Steakhouse,3.5,35.2619021000000004,-81.1341213000000039
Undercurrent Coffee,4.5,35.2182699999999969,-80.8118000000000052
Long Creek Fish Fry,3.5,35.3125250000000008,-81.1578190000000035
Chick-fil-A,3.5,35.352552799999998,-80.8511888000000027
Don Pedro Mexican Restaurant,3.5,35.2944055999999975,-80.7425316000000066
Jim 'N Nick's Bar-B-Q,4,35.3683879000000019,-80.7120426000000037
Blaze Fast-Fire'd Pizza,4,35.2128394436999983,-80.8588018672000004
Hubee D's,4,35.197991100000003,-80.8262150999999989
Penn Station East Coast Subs,4,35.0519470999999996,-80.7707505000000054
The Smoke Pit,4.5,35.4219555000000028,-80.6144355999999931
China Go Go,4.5,35.0939960999999983,-80.8671341999999953
Chicken Box Cafe,3.5,35.2803990000000027,-80.7940360000000055
Starbucks,4,35.337572999999999,-80.7575290000000052
Starbucks,3.5,35.1846473849000034,-80.7586621028000025
Food Lion,3.5,35.3573913000000033,-80.8680935999999946
Tijuana Flats,4,35.199187000000002,-80.8414549999999963
Chick-fil-A,4,35.0838041000000018,-80.6596030000000042
Sushi 101,3.5,35.1717360000000028,-80.847091000000006
Chatpatay,4,35.086986600000003,-80.871765400000001
Viva Chicken,4,35.0507958999999971,-80.7672780000000046
Hwy 55 Burgers Shakes & Fries,3.5,35.0264213999999967,-80.7630651000000057
Bella Fresco,3.5,35.228694502499998,-80.8453284404999977
Greco Fresh Grille,4,35.1065190999999999,-80.8073691000000025
Tony's Pizza,3.5,35.1351220000000026,-80.7366679999999945
Ben & Jerry's,4,35.2034664999999976,-80.8243724000000014
Sunrise Restaurant,4,35.2117549999999966,-80.6938190000000048
City Barbeque,4,35.0433965659999984,-80.8479089721000008
McAlister's Deli,3.5,35.1366022561999998,-80.9365071077999971
Texas Roadhouse,3.5,35.2687269999999984,-81.1461390000000051
Duckworth's Grill & Taphouse,3.5,35.2292399999999972,-80.8397099999999966
Jason's Deli,3.5,35.3339910999999987,-80.791965200000007
Dilworth Coffee,4,35.4126230000000035,-80.6644490000000047
Chex Grill & Wings,4,35.2395410000000027,-80.7977640000000008
McAlister's Deli,3.5,35.3404710000000009,-80.7652829999999966
Zoes Kitchen,4,35.1025330187000009,-80.9839822259999949
Bonefish Grill,3.5,35.3705843999999985,-80.7219180999999963
Firehouse Subs,4,35.133897300000001,-80.709939300000002
China Garden,4,35.3705004999999986,-80.547989599999994
Chex Grill & Wings,5,35.4327048000000033,-80.6058916000000067
Midwood Smokehouse,4.5,35.4439252999999965,-80.8813987999999995
QDOBA Mexican Eats,3.5,35.0230604998999979,-80.8486180007000002
Dairy Queen,3.5,35.1253689999999992,-80.7082209999999947
Firehouse Subs,3.5,35.1397072999999978,-80.9351594000000034
Great Harvest Bread,4,35.3368800000000007,-80.7547849999999983
Little Big Burger,4,35.0517546999999965,-80.774175299999996
Sunflour Baking Company,4,35.3216572034000009,-80.6596117839000044
Jimmy John's,4,35.3468627000000026,-80.843422700000005
Bruegger's Bagels,3.5,35.3121440000000035,-80.7450929999999971
Potbelly Sandwich Shop,4,35.2252470000000031,-80.8461800000000039
El Vallarta,4,35.0028182000000001,-80.5530030000000039
Ilios Noche,4,35.0532146127000033,-80.7704005293000051
Dilworth Coffee,4.5,35.4169291799999968,-80.6695175171000045
Famous Toastery,3.5,35.4052094876999988,-80.8670972405000015
Food Lion,4,35.3701209000000034,-80.6636438000000027
Five Guys,4,35.3665319999999994,-80.7092970000000065
Subway Restaurants,4,35.2121416000000025,-80.8336484999999954
Hickory Tavern,3.5,35.0711594476999977,-80.8441382944999987
Queen City Q,3.5,35.2272492999999969,-80.8386172999999957
LongHorn Steakhouse,3.5,35.0886094000000028,-80.8769960000000054
Picasso's Sports Cafe,3.5,35.2911355999999969,-80.7351850000000013
Mi Pueblo Mexican Grill,3.5,35.4178891999999976,-80.6756486999999964
Wolfman Pizza,4,35.176145499999997,-80.7996081000000004
Viva Chicken,4.5,35.0705846999999977,-80.844457300000002
QDOBA Mexican Eats,3.5,35.3037192210000015,-80.7493155508999934
Cook Out,4,35.3179344999999998,-80.7381907000000041
LongHorn Steakhouse,3.5,35.3174782999999977,-80.7783761000000027
Famous Toastery,4,35.310253000000003,-80.7493910000000028
Azteca Mexican Restaurant,3.5,35.3508307999999971,-80.8416711999999933
Firehouse Subs,3.5,35.3648079000000024,-80.7088518999999991
Papa Murphy's,4.5,35.0783713000000006,-80.6537390999999957
Luigi's Pizza,4,35.1458599847000031,-80.9364641874000057
Laurel Market,4,35.2142295000000018,-80.8549294999999972
Morazan Restaurant,3.5,35.1607449999999986,-80.8757480000000015
Food Lion,4,35.3844649999999987,-80.7846959999999967
Harper's Restaurant,4.5,35.2088005000000024,-80.840503499999997
Taxco Mexican Grill,3.5,35.2512039000000001,-81.0448664000000036
YAFO Kitchen,4.5,35.1565581318999989,-80.8243272453999992
Jersey Mike's Subs,3.5,35.3749899000000028,-80.7288042999999931
Hazelnuts Creperie,4.5,35.2277591000000001,-80.8381992999999994
Cook Out,3.5,35.2370364000000009,-80.8812656000000061
Jet's Pizza,4.5,35.0458300000000023,-80.6419350000000037
Carolina Beer Temple,4.5,35.1381489999999985,-80.9331130000000059
Lempira Restaurant,3.5,35.213923808399997,-80.7692369993999932
Duck Donuts,4.5,35.2026242000000025,-80.8444190999999961
The Sandwich Club,3.5,35.2246616999999986,-80.8461455000000058
Showmars,3.5,35.2250470000000035,-80.8426599999999951
Arby's,3.5,35.1439227999999986,-80.9308611999999954
Starbucks,3.5,35.3085502185999971,-80.7338285826999993
Waffle House,3.5,35.480125000000001,-80.6123864000000054
Starbucks,4,35.0531033999999977,-80.8490228000000002
Tony's Pizza,4.5,35.3575560000000024,-80.8681440000000009
Hawthorne's NY Pizza & Bar,4,35.1780436247000026,-80.7563600877000027
The Improper Pig,4,35.1766346432999981,-80.7996419533999983
Jersey Mike's Subs,4,35.2016127234999985,-80.8445799351000005
Waterbean Coffee,4.5,35.1517892000000032,-80.9507947999999971
Which Wich,4,35.2266604000000001,-80.8431913000000009
Honey Baked Ham Company,4,35.4848645000000005,-80.8788310999999993
Taco Bell,3.5,35.0841059999999985,-80.8789539999999931
Brooklyn's Pizzeria,3.5,35.3221100000000021,-80.6602769999999936
Firehouse Subs,4,35.0540033999999991,-80.7679291999999975
Just Fresh,3.5,35.2254513000000031,-80.8452769000000018
Blaze Fast-Fire'd Pizza,3.5,35.3753645000000034,-80.7338692000000009
Smashburger,3.5,35.1703765999999973,-80.8512498000000051
Domino's,3.5,35.3205678873000011,-80.6514380872000061
Firehouse Subs,3.5,35.0869776999999985,-80.871765400000001
Chicken King,3.5,35.1473152000000013,-80.7457358000000056
Taco Bell,4.5,35.3961079999999981,-80.6113720000000029
MOD Pizza,4,35.0989879999999985,-80.9889649999999932
The Improper Pig,3.5,35.0524308908999984,-80.773257139699993
Jin Jin,4,35.4077059000000034,-80.864968300000001
Famous Toastery,3.5,35.198558300000002,-80.8525254000000047
Bad Daddy's Burger Bar,4,35.4462860000000006,-80.8795350000000042
Jason's Deli,3.5,35.088330795600001,-80.8788888756999995
American Deli,3.5,35.1620259999999973,-80.874927999999997
Which Wich,3.5,35.2131096196999991,-80.8351922035000001
Jersey Mike's Subs,4,35.1167829999999981,-80.9621319999999969
Marco's Pizza,3.5,35.3154399758999986,-80.674300847400005
Metro Diner,4,35.1268870000000035,-80.7083070000000049
Brixx Wood Fired Pizza,3.5,35.2008135999999965,-80.8438119000000057
Jersey Mike's Subs,3.5,34.9548210000000026,-80.7600670000000065
MOD Pizza,4,35.1617199147000008,-80.9717849322999967
Kabob Grill,3.5,35.2030705000000026,-80.8457795000000061
Nova's Bakery,3.5,35.214078493099997,-80.8546889776000057
Moe's Southwest Grill,3.5,35.257456052000002,-81.1112601319999982
Sushi 101,3.5,35.0627250000000004,-80.773881700000004
Groucho's Deli,4,35.409357,-80.8615120000000047
Cantina 1511,3.5,35.2272901119999986,-80.8407104456999974
Cook Out,3.5,35.3960750000000033,-80.6120609999999971
Pita Pit,4,35.0631168999999971,-80.6331639999999936
Bad Daddys Burger Bar,3.5,35.2611752342999978,-81.1405124143000052
Food Lion,4,35.213121000000001,-80.690289000000007
Wayside Family Restaurant,4,35.4310370159999977,-80.6007950999999991
Chick-fil-A,3.5,35.3717299999999994,-80.7174949999999995
East Coast Wings & Grill,3.5,35.3475859999999997,-80.8586329999999975
Hawthorne's NY Pizza & Bar,3.5,35.1170566637999997,-80.8253911187999989
Zoes Kitchen,4,35.0346019810000016,-80.8084654110000002
Starbucks,3.5,35.3152529999999985,-80.6746980000000065
Crafty Burg'r,4,35.4817329548000018,-80.8558829634999938
Ruth's Chris Steak House,4,35.1503939999999986,-80.8394129999999933
Great Harvest Bread,3.5,35.4802050999999992,-80.8578655000000026
Shane's Rib Shack,4,35.3490893000000028,-80.8558105999999981
Inizio Pizza Napoletana,4.5,35.0663213999999996,-80.7724680999999975
Shane's Rib Shack,3.5,35.302106000000002,-80.7477599999999995
Pollo Campero,4,35.2354634735999994,-80.7386802882000012
Texas Roadhouse,3.5,35.1285359337000003,-80.7089330396999998
Hawthorne's NY Pizza & Bar,4,35.2158200000000008,-80.821622000000005
Char Bar No 7,3.5,35.0817029999999974,-80.7292889999999943
CAVA,4.5,35.4458820999999986,-80.8799563000000035
Food Lion,4,35.4830199000000022,-80.8600057000000021
Bonefish Grill,3.5,35.4449070000000006,-80.8784129999999948
Caribbean Hut,3.5,35.3171887000000027,-80.7391540999999933
Starbucks,3.5,35.0781059999999982,-80.8170790000000068
Which Wich,4,35.1718729999999979,-80.849031999999994
Hawthorne's NY Pizza & Bar,3.5,35.1753914000000023,-80.6547580999999951
Big Al's Pub & Grubberia,3.5,35.4761287999999979,-80.8899691999999959
Crispy Banh Mi,4.5,35.2367212999999992,-80.7765760000000057
China Go Go,4,35.3503227233999979,-80.8428878784000062
Just Fresh,3.5,35.2266604000000001,-80.8431913000000009
Brixx Wood Fired Pizza,3.5,35.4461709982000031,-80.8792769908999958
Firebirds Wood Fired Grill,4,35.352552799999998,-80.8511888000000027
Hardee's,3.5,35.4083094000000003,-80.8550333000000023
Las Meras Tortas,4.5,35.2041558000000023,-80.7381859999999989
Noodles & Company,3.5,35.3090197422000003,-80.7477977871999997
Chick-fil-A,3.5,35.0045386999999977,-80.5595318999999961
Nova's Bakery,3.5,35.2205766000000011,-80.8130258999999995
Bobbee O's BBQ,4,35.3380599999999987,-80.8240578999999997
2 Gals Kitchen,4,35.4201661206000011,-80.5904935264999978
Jimmy John's,3.5,35.4318292999999969,-80.6062220000000025
Domino's,3.5,35.1773181000000008,-80.7986049999999949
Chick-fil-A,3.5,35.3068072000000015,-80.7523168000000027
CO,4,35.1749590000000012,-80.848741700000005
Tijuana Flats,4,35.262667399999998,-81.1388271000000003
Teriyaki Madness,3.5,35.3402525999999995,-80.7649578999999989
Midwood Smokehouse,4.5,35.2210243999999975,-80.8148537000000005
Don Pedro Mexican Restaurant,3.5,35.0840929000000017,-80.8860734000000008
Kabob Grill,3.5,35.0611103000000028,-80.8172540000000055
Nothing But Noodles,3.5,35.0591130000000035,-80.8138000000000005
Dilworth Coffee,4,35.1522311000000016,-80.8318967999999956
Shane's Rib Shack,4,35.1281797999999981,-80.7010178000000025
The Pizza Peel,3.5,35.2200759999999988,-80.8119551000000058
Bruegger's Bagels,3.5,35.1245463875999988,-80.7085109301000045
Starbucks,4,35.442028999999998,-80.8570469999999943
Five Guys,4,35.4062674999999984,-80.8643533999999988
